proxy,enable
123.56.129.203:3333,可用
121.37.201.60:8080,可用
47.109.46.223:5678,可用
116.63.130.30:8889,可用
120.79.7.173:6379,可用
139.129.231.228:8060,可用
139.196.151.191:1081,可用
120.79.21.48:8089,可用
120.79.31.133:20201,可用
121.37.205.253:8499,可用
124.71.157.181:8081,可用
139.224.56.162:8499,可用
116.63.130.30:7890,可用
118.195.242.20:8080,可用
116.63.130.30:7890,可用
118.195.242.20:8080,可用
121.40.160.67:80,可用
121.40.160.67:80,可用
121.40.223.55:80,可用
121.40.223.55:80,可用
123.57.1.78:1081,可用
101.200.187.233:8090,可用
123.57.1.78:1081,可用
101.200.187.233:8090,可用
120.55.49.231:6969,可用